D-0,チョコレートパフェ,490,420
D-1,プリンパフェ,530,380
D-2,いちごパフェ,520,320
D-3,パンナコッタ,420,283
D-4,チーズムース,580,288
D-5,アフォガート,300,248
D-6,ティラミス,600,251
D-7,抹茶パフェ,450,380
D-8,バニラジェラート,360,131
D-9,キャラメルパンケーキ,390,440
D-10,クリームあんみつ,500,250
D-11,紫いものパフェ,650,650
D-12,抹茶ぜんざい,380,320
D-13,チョコクレープ,370,300
D-14,バナナクレープ,330,220
D-15,カスタードプリン,200,120
D-16,チョコトルテ,330,220
D-17,チーズスフレ,220,160
D-18,かぼちゃのタルト,340,230
D-19,キャラメルロール,370,230
D-20,チーズケーキ,400,230
D-21,アップルパイ,440,350
D-22,モンブラン,470,290
